id,stamp_id,variant_code,variant_name,perforation,paper,watermark,color,printing,gum,notes,image_path
1,1,I,ochre yellow,hand-cut,handmade paper,,ochre yellow,,,,
2,1,III,ochre yellow,hand-cut,handmade paper,,ochre yellow,,,,
3,1,Ib,ochre yellow,hand-cut,machine paper,,ochre yellow,,,,
4,1,III,ochre yellow,hand-cut,machine paper,,ochre yellow,,,,
5,1,I,orange ochre,hand-cut,handmade paper,,orange ochre,,,,
6,1,III,orange ochre,hand-cut,handmade paper,,orange ochre,,,,
7,1,I,orange,hand-cut,handmade paper,,orange,,,,
8,1,III,orange,hand-cut,handmade paper,,orange,,,,
9,1,Ia,light brown-orange,hand-cut,handmade paper,,light brown-orange,,,,
10,1,Ia,brown-orange,hand-cut,handmade paper,,brown-orange,,,,
11,1,Ia,dark brown-orange,hand-cut,handmade paper,,dark brown-orange,,,,
12,1,III,cadmium yellow,hand-cut,handmade paper,,cadmium yellow,,,,
13,1,III,cadmium yellow,hand-cut,machine paper,,cadmium yellow,,,,
14,1,III,chrome yellow,hand-cut,machine paper,,chrome yellow,,,,
15,1,III,lemon yellow,hand-cut,machine paper,,lemon yellow,,,,
16,1,Ib,golden yellow,hand-cut,machine paper,,golden yellow,,,,
17,1,III,olive yellow,hand-cut,machine paper,,olive yellow,,,,
18,2,I,Black,hand-cut,handmade paper,,Black,,,,
19,2,III,Black,hand-cut,handmade paper,,Black,,,,
20,2,IIIa,Black,hand-cut,machine paper,,Black,,,,
21,2,IIIb,Black,hand-cut,machine paper,,Black,,,,
22,2,I,deep black,hand-cut,handmade paper,,deep black,,,,
23,2,III,deep black,hand-cut,handmade paper,,deep black,,,,
24,2,IIIa,deep black,hand-cut,machine paper,,deep black,,,,
25,2,IIIb,deep black,hand-cut,machine paper,,deep black,,,,
26,2,I,grey-black,hand-cut,handmade paper,,grey-black,,,,
27,2,III,grey-black,hand-cut,handmade paper,,grey-black,,,,
28,2,IIIa,grey-black,hand-cut,machine paper,,grey-black,,,,
29,2,IIIb,grey-black,hand-cut,machine paper,,grey-black,,,,
30,2,Ia,grey,hand-cut,handmade paper,,grey,,,,
31,2,IIIa,grey,hand-cut,machine paper,,grey,,,,
32,2,IIIb,grey,hand-cut,machine paper,,grey,,,,
33,2,Ia,silver-grey,hand-cut,handmade paper,,silver-grey,,,,
34,2,IIIa,mouse-grey,hand-cut,machine paper,,mouse-grey,,,,
35,2,IIIb,mouse-grey,hand-cut,machine paper,,mouse-grey,,,,
36,3,I,pale red,hand-cut,handmade paper,,pale red,,,,
37,3,IIIa,pale red,hand-cut,handmade paper,,pale red,,,,
38,3,IIIc,pale red,hand-cut,machine paper,,pale red,,,,
39,3,IIIb,pale red,hand-cut,machine paper,,pale red,,,,
40,3,IIIb,red,hand-cut,machine paper,,red,,,,
41,3,Ia,carmine-red,hand-cut,handmade paper,,carmine-red,,,,
42,3,IIIa,carmine-red,hand-cut,handmade paper,,carmine-red,,,,
43,3,IIIa,carmine-red,hand-cut,machine paper,,carmine-red,,,,
44,3,Ia,dark carmine,hand-cut,handmade paper,,dark carmine,,,,
45,3,IIIa,dark carmine,hand-cut,handmade paper,,dark carmine,,,,
46,3,IIIa,dark carmine,hand-cut,machine paper,,dark carmine,,,,
47,3,I,brick red,hand-cut,handmade paper,,brick red,,,,
48,3,Ib GT,tomato red,hand-cut,machine paper,,tomato red,,,,
49,3,IIIa,brown-carmine,hand-cut,handmade paper,,brown-carmine,,,,
50,4,Ia,grey-brown,hand-cut,handmade paper,,grey-brown,,,,
51,4,III,grey-brown,hand-cut,handmade paper,,grey-brown,,,,
52,4,III,grey-brown,hand-cut,machine paper,,grey-brown,,,,
53,4,Ib,pinkish brown,hand-cut,handmade paper,,pinkish brown,,,,
54,4,III,pinkish brown,hand-cut,machine paper,,pinkish brown,,,,
55,4,I,reddish brown,hand-cut,handmade paper,,reddish brown,,,,
56,4,III,reddish brown,hand-cut,handmade paper,,reddish brown,,,,
57,4,III,reddish brown,hand-cut,machine paper,,reddish brown,,,,
58,4,III,chocolate brown,hand-cut,machine paper,,chocolate brown,,,,
59,4,I,brown,hand-cut,handmade paper,,brown,,,,
60,4,III,brown,hand-cut,handmade paper,,brown,,,,
61,4,I,dark brown,hand-cut,handmade paper,,dark brown,,,,
62,4,III,dark brown,hand-cut,handmade paper,,dark brown,,,,
63,4,Ib,rusty brown,hand-cut,handmade paper,,rusty brown,,,,
64,4,Ic,rusty brown,hand-cut,handmade paper,,rusty brown,,,,
65,4,Ia,light grey brown,hand-cut,handmade paper,,light grey brown,,,,
66,4,III,light grey brown,hand-cut,handmade paper,,light grey brown,,,,
67,4,Ib,purple brown,hand-cut,handmade paper,,purple brown,,,,
68,4,III,purple brown,hand-cut,handmade paper,,purple brown,,,,
69,4,Ib,deep purple brown,hand-cut,handmade paper,,deep purple brown,,,,
70,4,Ib,black brown,hand-cut,handmade paper,,black brown,,,,
71,5,IIIb,blue,hand-cut,machine paper,,blue,,,,
72,5,II,blue,hand-cut,handmade paper,,blue,,,,
73,5,II,grey-blue,hand-cut,handmade paper,,grey-blue,,,,
74,5,IIIb,dark-blue,hand-cut,machine paper,,dark-blue,,,,
75,5,I,dark-blue,hand-cut,handmade paper,,dark-blue,,,,
76,5,II,dark-blue,hand-cut,handmade paper,,dark-blue,,,,
77,5,IIIb,light blue,hand-cut,machine paper,,light blue,,,,
78,5,IIIa,light blue,hand-cut,handmade paper,,light blue,,,,
79,5,IIIb,light blue,hand-cut,handmade paper,,light blue,,,,
80,5,IIIa,green-blue,hand-cut,handmade paper,,green-blue,,,,
81,5,IIIb,deep dark-blue,hand-cut,machine paper,,deep dark-blue,,,,
82,5,IIIa,deep dark-blue,hand-cut,handmade paper,,deep dark-blue,,,,
83,5,IIIb,deep dark-blue,hand-cut,handmade paper,,deep dark-blue,,,,
84,5,IIIa,black-blue,hand-cut,handmade paper,,black-blue,,,,
85,5,IIIb,black-blue,hand-cut,handmade paper,,black-blue,,,,
86,6,I,light to dark blue,hand-cut,machine paper,,light to dark blue,,,,
87,6,Iy,light greenish-blue,hand-cut,reamed paper,,light greenish-blue,,,,
88,6,II,blue to dark blue,hand-cut,machine paper,,blue to dark blue,,,,
89,6,IIa,blue,hand-cut,machine paper,,blue,,,,
90,7,Ia,"yellow, ochre yellow",hand-cut,machine paper,,"yellow, ochre yellow",,,,
91,7,Ib,brown-orange,hand-cut,machine paper,,brown-orange,,,,
92,8,Ia,pink,hand-cut,machine paper,,pink,,,,
93,8,Ib,dark pink,hand-cut,machine paper,,dark pink,,,,
94,9,II,vermilion,hand-cut,machine paper,,vermilion,,,,
95,10,Ia,yellow,14 1/2,machine paper,,yellow,,,,
96,10,Ib,dark-yellow,14 1/2,machine paper,,dark-yellow,,,,
97,10,IIa,light yellow,14 1/2,machine paper,,light yellow,,,,
98,10,IIb,dark yellow,14 1/2,machine paper,,dark yellow,,,,
99,10,IIc,light orange,14 1/2,machine paper,,light orange,,,,
100,10,IId,dark orange,14 1/2,machine paper,,dark orange,,,,
101,10,IIe,orange,14 1/2,machine paper,,orange,,,,
102,10,IIf,sulphur yellow,14 1/2,machine paper,,sulphur yellow,,,,
103,11,Ia,Black,14 1/2,machine paper,,Black,,,,
104,11,Ib,black bulldog chin,14 1/2,machine paper,,black bulldog chin,,,,
105,11,Iba,Black,17 1/2,machine paper,,Black,,,,
106,11,Ibb,grey black,14 1/2,machine paper,,grey black,,,,
107,11,Ic,black,14 1/2,machine paper,,black,,,,
108,11,IIa,black,14 1/2,machine paper,,black,,,,
109,11,IIb,grey black,14 1/2,machine paper,,grey black,,,,
110,12,IIa,green,14 1/2,machine paper,,green,,,,
111,12,IIb,blue-green,14 1/2,machine paper,,blue-green,,,,
112,13,Ia,Red,14 1/2,machine paper,,Red,,,,
113,13,Ib,dark red,14 1/2,machine paper,,dark red,,,,
114,13,IIa,light red,14 1/2,machine paper,,light red,,,,
115,13,IIb,Red,14 1/2,machine paper,,Red,,,,
116,13,IIc,dark red,14 1/2,machine paper,,dark red,,,,
117,13,II/I,frame in type,14 1/2,machine paper,,frame in type,,,,
118,14,Ia,Brown,14 1/2,machine paper,,Brown,,,,
119,14,Ib,deepl-brown,14 1/2,machine paper,,deepl-brown,,,,
120,14,IIa,light brown,14 1/2,machine paper,,light brown,,,,
121,14,IIb,lilac brown,14 1/2,machine paper,,lilac brown,,,,
122,14,IIc,black brown,14 1/2,machine paper,,black brown,,,,
123,15,Ia,light blue,14 1/2,machine paper,,light blue,,,,
124,15,Ib,dark blue,14 1/2,machine paper,,dark blue,,,,
125,15,Ic,black blue,14 1/2,machine paper,,black blue,,,,
126,15,IIa,light blue,14 1/2,machine paper,,light blue,,,,
127,15,IIb,dark blue,14 1/2,machine paper,,dark blue,,,,
128,15,IIc,black blue,14 1/2,machine paper,,black blue,,,,
129,15,II,blue,14 1/2,machine paper,,blue,,,,
130,16,a,light blue,hand-cut,machine paper,,light blue,,,,
131,16,b,dark blue,hand-cut,machine paper,,dark blue,,,,
132,16,c,deep dark blue,hand-cut,machine paper,,deep dark blue,,,,
133,17,a,dark lilac,hand-cut,machine paper,,dark lilac,,,,
134,17,b,grey lilac,hand-cut,machine paper,,grey lilac,,,,
135,17,c,deep dark lilac,hand-cut,machine paper,,deep dark lilac,,,,
136,18,a,light yellow,14,machine paper,,light yellow,,,,
137,18,b,yolk yellow,14,machine paper,,yolk yellow,,,,
138,19,a,light green,14,machine paper,,light green,,,,
139,19,b,dark green,14,machine paper,,dark green,,,,
140,20,a,light red,14,machine paper,,light red,,,,
141,20,b,dark red,14,machine paper,,dark red,,,,
142,21,a,light brown,14,machine paper,,light brown,,,,
143,21,b,dark brown,14,machine paper,,dark brown,,,,
144,22,a,light blue,14,machine paper,,light blue,,,,
145,22,b,dark blue,14,machine paper,,dark blue,,,,
146,23,a,hellgrau,hand-cut,machine paper,,hellgrau,,,,
147,23,b,dunkelgrau,hand-cut,machine paper,,dunkelgrau,,,,
148,23,c,grau-violett,hand-cut,machine paper,,grau-violett,,,,
149,23,d,dunkelviolett,hand-cut,machine paper,,dunkelviolett,,,,
150,23,e,bräunliches Lila,hand-cut,machine paper,,bräunliches Lila,,,,
151,24,a,light yellow,14,machine paper,,light yellow,,,,
152,24,b,yolk yellow,14,machine paper,,yolk yellow,,,,
153,25,a,yellowish green,14,machine paper,,yellowish green,,,,
154,25,b,dark green,14,machine paper,,dark green,,,,
155,26,a,red,14,machine paper,,red,,,,
156,26,b,crimson red,14,machine paper,,crimson red,,,,
157,27,a,light blue,14,machine paper,,light blue,,,,
158,27,b,dark blue,14,machine paper,,dark blue,,,,
159,28,a,light brown,14,machine paper,,light brown,,,,
160,28,b,dark brown,14,machine paper,,dark brown,,,,
161,29,a,grey brown,hand-cut,machine paper,,grey brown,,,,
162,29,b,grey-purple,hand-cut,machine paper,,grey-purple,,,,
163,29,c,grey,hand-cut,machine paper,,grey,,,,
164,29,d,brownish lilac,hand-cut,machine paper,,brownish lilac,,,,
165,30,a,light yellow,9 1/2,machine paper,,light yellow,,,,
166,30,b,yolk yellow,9 1/2,machine paper,,yolk yellow,,,,
167,30,S,yellow,9 1/2,vertically striped paper,,yellow,,,,
168,31,a,light green,9 1/2,machine paper,,light green,,,,
169,31,b,dark green,9 1/2,machine paper,,dark green,,,,
170,32,a,pink,9 1/2,machine paper,,pink,,,,
171,32,b,dark crimson pink,9 1/2,machine paper,,dark crimson pink,,,,
172,32,c,crimson red,9 1/2,machine paper,,crimson red,,,,
173,32,S,pink,9 1/2,vertically striped paper,,pink,,,,
174,33,a,light blue,9 1/2,machine paper,,light blue,,,,
175,33,b,greenish blue,9 1/2,machine paper,,greenish blue,,,,
176,34,a,light brown,9 1/2,machine paper,,light brown,,,,
177,34,b,dark brown,9 1/2,machine paper,,dark brown,,,,
178,24,a,Yellow,14,machine paper,,Yellow,,,,
179,25,a,Green,14,machine paper,,Green,,,,
180,26,a,red,14,machine paper,,red,,,,
181,27,a,blue,14,machine paper,,blue,,,,
182,24,a,yellow,14,machine paper,,yellow,,,,
183,25,a,green,14,machine paper,,green,,,,
184,26,a,red,14,machine paper,,red,,,,
185,27,a,blue,14,machine paper,,blue,,,,
186,35,Ia,yellow,9 1/2,machine paper,,yellow,,,,
187,35,Ib,"black, orange",9 1/2,machine paper,,"black, orange",,,,
188,35,Ic,dark orange,9 1/2,machine paper,,dark orange,,,,
189,35,Id,brownish orange,9 1/2,machine paper,,brownish orange,,,,
190,35,IIa,light yellow,9 1/2,machine paper,,light yellow,,,,
191,35,IIb,lemon yellow,9 1/2,machine paper,,lemon yellow,,,,
192,36,Ia,green,9 1/2,machine paper,,green,,,,
193,36,Ib,dark green,9 1/2,machine paper,,dark green,,,,
194,36,IIa,light green,9 1/2,machine paper,,light green,,,,
195,36,IIb,yellow-green,9 1/2,machine paper,,yellow-green,,,,
196,36,IIc,blue-green,9 1/2,machine paper,,blue-green,,,,
197,37,Iaa,pinkish crimson,9 1/2,machine paper,,pinkish crimson,,,,
198,37,Iab,crimson,9 1/2,machine paper,,crimson,,,,
199,37,Iac,lilac pink,9 1/2,machine paper,,lilac pink,,,,
200,37,Iad,purple-pink,9 1/2,machine paper,,purple-pink,,,,
201,37,Iba,pinkish crimson,9 1/2,machine paper,,pinkish crimson,,,,
202,37,Ibb,crimson,9 1/2,machine paper,,crimson,,,,
203,37,Ibc,lilac pink,9 1/2,machine paper,,lilac pink,,,,
204,37,Ibd,purple pink,9 1/2,machine paper,,purple pink,,,,
205,37,I IIaa,light crimson,9 1/2,machine paper,,light crimson,,,,
206,37,I IIab,brick red,9 1/2,machine paper,,brick red,,,,
207,37,IIa,red,9 1/2,machine paper,,red,,,,
208,37,IIb,red,9 1/2,machine paper,,red,,,,
209,38,Ia,Blue,9 1/2,machine paper,,Blue,,,,
210,38,Ib,dark blue,9 1/2,machine paper,,dark blue,,,,
211,38,Ic,light blue,9 1/2,machine paper,,light blue,,,,
212,38,IIa,blue,9 1/2,machine paper,,blue,,,,
213,38,IIb,light blue,9 1/2,machine paper,,light blue,,,,
214,39,Ia,brown,9 1/2,machine paper,,brown,,,,
215,39,Ib,dark brown,9 1/2,machine paper,,dark brown,,,,
216,39,Ic,yellowish brown,9 1/2,machine paper,,yellowish brown,,,,
217,39,Id,reddish brown,9 1/2,machine paper,,reddish brown,,,,
218,39,IIa,yellow brown,9 1/2,machine paper,,yellow brown,,,,
219,39,IIb,grey brown,9 1/2,machine paper,,grey brown,,,,
220,39,IIc,reddish brown,9 1/2,machine paper,,reddish brown,,,,
221,39,IId,maroon,9 1/2,machine paper,,maroon,,,,
222,40,Ia,grey,9 1/2,machine paper,,grey,,,,
223,40,Ib,light purple grey,9 1/2,machine paper,,light purple grey,,,,
224,40,Ic,light to dark purple grey,9 1/2,machine paper,,light to dark purple grey,,,,
225,40,Id,violet grey,9 1/2,machine paper,,violet grey,,,,
226,40,Ie,brownish purple,9 1/2,machine paper,,brownish purple,,,,
227,40,If,purple-brown,9 1/2,machine paper,,purple-brown,,,,
228,40,IIa,light violet grey,9 1/2,machine paper,,light violet grey,,,,
229,40,IIb,grey-purple,9 1/2,machine paper,,grey-purple,,,,
230,41,Ia,brown,9 1/2,machine paper,,brown,,,,
231,41,Ib,reddish brown,9 1/2,machine paper,,reddish brown,,,,
232,41,Ic,brownish pink,9 1/2,machine paper,,brownish pink,,,,
233,41,IIa,lilac grey,9 1/2,machine paper,,lilac grey,,,,
234,41,IIb,grey-purple,9 1/2,machine paper,,grey-purple,,,,
235,35,II,Yellow,9,machine paper,,Yellow,,,,
236,36,II,Green,9,machine paper,,Green,,,,
237,37,II,red,9,machine paper,,red,,,,
238,38,II,blue,9,machine paper,,blue,,,,
239,39,II,brown,9,machine paper,,brown,,,,
240,40,II,grey,9,machine paper,,grey,,,,
241,41,II,brown,9,machine paper,,brown,,,,
242,35,II,yellow,10 1/2,machine paper,,yellow,,,,
243,36,II,green,10 1/2,machine paper,,green,,,,
244,37,II,red,10 1/2,machine paper,,red,,,,
245,38,II,blue,10 1/2,machine paper,,blue,,,,
246,39,II,brown,10 1/2,machine paper,,brown,,,,
247,40,II,grey,10 1/2,machine paper,,grey,,,,
248,41,II,brown,10 1/2,machine paper,,brown,,,,
249,35,II,yellow,12,machine paper,,yellow,,,,
250,36,II,green,12,machine paper,,green,,,,
251,37,II,red,12,machine paper,,red,,,,
252,38,II,blue,12,machine paper,,blue,,,,
253,39,II,brown,12,machine paper,,brown,,,,
254,40,II,grey,12,machine paper,,grey,,,,
255,41,II,brown,12,machine paper,,brown,,,,
256,35,II,yellow,13,machine paper,,yellow,,,,
257,36,II,green,13,machine paper,,green,,,,
258,37,II,red,13,machine paper,,red,,,,
259,38,II,blue,13,machine paper,,blue,,,,
260,39,II,brown,13,machine paper,,brown,,,,
261,40,II,grey,13,machine paper,,grey,,,,
262,41,II,brown,13,machine paper,,brown,,,,
263,35,II,yellow,9 : 10 1/2,machine paper,,yellow,,,,
264,36,II,green,9 : 10 1/2,machine paper,,green,,,,
265,37,II,red,9 : 10 1/2,machine paper,,red,,,,
266,38,II,blue,9 : 10 1/2,machine paper,,blue,,,,
267,39,II,brown,9 : 10 1/2,machine paper,,brown,,,,
268,40,II,grey,9 : 10 1/2,machine paper,,grey,,,,
269,41,II,brown,9 : 10 1/2,machine paper,,brown,,,,
270,35,II,yellow,10 1/2 : 9,machine paper,,yellow,,,,
271,36,II,green,10 1/2 : 9,machine paper,,green,,,,
272,37,II,red,10 1/2 : 9,machine paper,,red,,,,
273,38,II,blue,10 1/2 : 9,machine paper,,blue,,,,
274,39,II,brown,10 1/2 : 9,machine paper,,brown,,,,
275,40,II,grey,10 1/2 : 9,machine paper,,grey,,,,
276,41,II,brown,10 1/2 : 9,machine paper,,brown,,,,
277,35,II,yellow,10 1/2 : 12,machine paper,,yellow,,,,
278,36,II,green,10 1/2 : 12,machine paper,,green,,,,
279,37,II,red,10 1/2 : 12,machine paper,,red,,,,
280,38,II,blue,10 1/2 : 12,machine paper,,blue,,,,
281,39,II,brown,10 1/2 : 12,machine paper,,brown,,,,
282,40,II,grey,10 1/2 : 12,machine paper,,grey,,,,
283,41,II,brown,10 1/2 : 12,machine paper,,brown,,,,
284,35,II,yellow,10 1/2 : 13,machine paper,,yellow,,,,
285,36,II,green,10 1/2 : 13,machine paper,,green,,,,
286,37,II,red,10 1/2 : 13,machine paper,,red,,,,
287,38,II,blue,10 1/2 : 13,machine paper,,blue,,,,
288,39,II,brown,10 1/2 : 13,machine paper,,brown,,,,
289,40,II,grey,10 1/2 : 13,machine paper,,grey,,,,
290,41,II,brown,10 1/2 : 13,machine paper,,brown,,,,
291,35,II,yellow,12 : 13,machine paper,,yellow,,,,
292,36,II,green,12 : 13,machine paper,,green,,,,
293,37,II,red,12 : 13,machine paper,,red,,,,
294,38,II,blue,12 : 13,machine paper,,blue,,,,
295,39,II,brown,12 : 13,machine paper,,brown,,,,
296,40,II,grey,12 : 13,machine paper,,grey,,,,
297,41,II,brown,12 : 13,machine paper,,brown,,,,
298,35,II,yellow,12 : 10 1/2,machine paper,,yellow,,,,
299,36,II,green,13 : 10 1/2,machine paper,,green,,,,
300,37,II,red,14 : 10 1/2,machine paper,,red,,,,
301,38,II,blue,15 : 10 1/2,machine paper,,blue,,,,
302,39,II,brown,16 : 10 1/2,machine paper,,brown,,,,
303,40,II,grey,17 : 10 1/2,machine paper,,grey,,,,
304,41,II,brown,18 : 10 1/2,machine paper,,brown,,,,
305,42,Ia,purple brown,hand-cut,Rough print - machinepaper,,purple brown,,,,
306,42,Ib,grey,hand-cut,Rough print - machinepaper,,grey,,,,
307,42,Ib,purple,hand-cut,Rough print - machinepaper,,purple,,,,
308,42,Ib,brown-violet,hand-cut,Rough print - machinepaper,,brown-violet,,,,
309,42,Ic,Purple,hand-cut,Rough print - machinepaper,,Purple,,,,
310,42,Id,grey-violet,hand-cut,Rough print - machinepaper,,grey-violet,,,,
311,42,Ie,Purple,hand-cut,Rough print - machinepaper,,Purple,,,,
312,42,IIa,grey-violet,hand-cut,Rough print - machinepaper,,grey-violet,,,,
313,42,IIb,Purple,hand-cut,Fine Print - machinepaper,,Purple,,,,
314,42,IIc,grey-violet,hand-cut,Fine Print - machinepaper,,grey-violet,,,,
315,42,III,Purple,hand-cut,Fine Print - machinepaper,,Purple,,,,
316,42,III,grey-violet,hand-cut,Fine Print - machinepaper,,grey-violet,,,,
317,42,III,red-violet,hand-cut,Fine Print - machinepaper,,red-violet,,,,
318,42,IIIa,purple,hand-cut,Fine Print - machinepaper,,purple,,,,
319,43,Ia,blue-green,hand-cut,machine paper,,blue-green,,,,
320,43,Ib,Yellow-green,hand-cut,machine paper,,Yellow-green,,,,
321,43,Ic,emerald green,hand-cut,machine paper,,emerald green,,,,
322,43,Id,grey-green,hand-cut,machine paper,,grey-green,,,,
323,44,a,light brown,9 1/2,machine paper,,light brown,,,,
324,45,a,green,9 1/2,machine paper,,green,,,,
325,46,a,bright red,9 1/2,machine paper,,bright red,,,,
326,47,a,blue,9 1/2,machine paper,,blue,,,,
327,48,a,olive grey,9 1/2,machine paper,,olive grey,,,,
328,49,a,medium violet brown,9 1/2,machine paper,,medium violet brown,,,,
329,49,b,medium brownish purple,9 1/2,machine paper,,medium brownish purple,,,,
330,44,a,light brown,10,machine paper,,light brown,,,,
331,45,a,green,10,machine paper,,green,,,,
332,46,a,bright red,10,machine paper,,bright red,,,,
333,47,a,blue,10,machine paper,,blue,,,,
334,48,a,olive grey,10,machine paper,,olive grey,,,,
335,49,a,medium violet brown,10,machine paper,,medium violet brown,,,,
336,49,b,medium brownish purple,10,machine paper,,medium brownish purple,,,,
337,44,a,light brown,9,machine paper,,light brown,,,,
338,45,a,green,9,machine paper,,green,,,,
339,46,a,bright red,9,machine paper,,bright red,,,,
340,47,a,blue,9,machine paper,,blue,,,,
341,48,a,olive grey,9,machine paper,,olive grey,,,,
342,49,a,medium violet brown,9,machine paper,,medium violet brown,,,,
343,49,b,medium brownish purple,9,machine paper,,medium brownish purple,,,,
344,44,a,light brown,10 1/2,machine paper,,light brown,,,,
345,45,a,green,10 1/2,machine paper,,green,,,,
346,46,a,bright red,10 1/2,machine paper,,bright red,,,,
347,47,a,blue,10 1/2,machine paper,,blue,,,,
348,48,a,olive grey,10 1/2,machine paper,,olive grey,,,,
349,49,a,medium violet brown,10 1/2,machine paper,,medium violet brown,,,,
350,49,b,medium brownish purple,10 1/2,machine paper,,medium brownish purple,,,,
351,44,a,light brown,11 1/2,machine paper,,light brown,,,,
352,45,a,green,11 1/2,machine paper,,green,,,,
353,46,a,bright red,11 1/2,machine paper,,bright red,,,,
354,47,a,blue,11 1/2,machine paper,,blue,,,,
355,48,a,olive grey,11 1/2,machine paper,,olive grey,,,,
356,49,a,medium violet brown,11 1/2,machine paper,,medium violet brown,,,,
357,49,b,medium brownish purple,11 1/2,machine paper,,medium brownish purple,,,,
358,44,a,light brown,12,machine paper,,light brown,,,,
359,45,a,green,12,machine paper,,green,,,,
360,46,a,bright red,12,machine paper,,bright red,,,,
361,47,a,blue,12,machine paper,,blue,,,,
362,48,a,olive grey,12,machine paper,,olive grey,,,,
363,49,a,medium violet brown,12,machine paper,,medium violet brown,,,,
364,49,b,medium brownish purple,12,machine paper,,medium brownish purple,,,,
365,44,a,light brown,12 1/2,machine paper,,light brown,,,,
366,45,a,green,12 1/2,machine paper,,green,,,,
367,46,a,bright red,12 1/2,machine paper,,bright red,,,,
368,47,a,blue,12 1/2,machine paper,,blue,,,,
369,48,a,olive grey,12 1/2,machine paper,,olive grey,,,,
370,49,a,medium violet brown,12 1/2,machine paper,,medium violet brown,,,,
371,49,b,medium brownish purple,12 1/2,machine paper,,medium brownish purple,,,,
372,50,a,dark green,11 1/2,paper thin and translucent (x),,dark green,,,,
373,51,a,dark brown / ochre,11 1/2,paper thin and translucent (x),,dark brown / ochre,,,,
374,52,a,dark blue-green,11 1/2,paper thin and translucent (x),,dark blue-green,,,,
375,53,a,medium crimson,11 1/2,paper thin and translucent (x),,medium crimson,,,,
376,54,a,ultra marin,11 1/2,paper thin and translucent (x),,ultra marin,,,,
377,55,a,crimson,11 1/2,paper thin and translucent (x),,crimson,,,,
378,56,a,brown-purple,11 1/2,paper thin and translucent (x),,brown-purple,,,,
379,57,a,olive green,11 1/2,paper thin and translucent (x),,olive green,,,,
380,58,a,grey turquoise,11 1/2,paper thin and translucent (x),,grey turquoise,,,,
381,59,a,dark orange-brown,11 1/2,paper thin and translucent (x),,dark orange-brown,,,,
382,60,a,brownish purple,11 1/2,paper thin and translucent (x),,brownish purple,,,,
383,61,a,deep dark blue,11 1/2,paper thin and translucent (x),,deep dark blue,,,,
384,62,a,dark crimson,11 1/2,paper thin and translucent (x),,dark crimson,,,,
385,50,a,dark green,9 1/4,paper thin and translucent (x),,dark green,,,,
386,51,a,dark brown / ochre,9 1/4,paper thin and translucent (x),,dark brown / ochre,,,,
387,52,a,dark blue-green,9 1/4,paper thin and translucent (x),,dark blue-green,,,,
388,53,a,medium crimson,9 1/4,paper thin and translucent (x),,medium crimson,,,,
389,54,a,ultra crimson,9 1/4,paper thin and translucent (x),,ultra crimson,,,,
390,55,a,crimson,9 1/4,paper thin and translucent (x),,crimson,,,,
391,56,a,brown-purple,9 1/4,paper thin and translucent (x),,brown-purple,,,,
392,57,a,olive green,9 1/4,paper thin and translucent (x),,olive green,,,,
393,58,a,grey turquoise,9 1/4,paper thin and translucent (x),,grey turquoise,,,,
394,59,a,dark orange-brown,9 1/4,paper thin and translucent (x),,dark orange-brown,,,,
395,60,a,brownish purple,9 1/4,paper thin and translucent (x),,brownish purple,,,,
396,61,a,deep dark blue,9 1/4,paper thin and translucent (x),,deep dark blue,,,,
397,62,a,dark crimson,9 1/4,paper thin and translucent (x),,dark crimson,,,,
398,50,a,dark green,13 : 13 1/2,paper thin and translucent (x),,dark green,,,,
399,51,a,dark brown / ochre,13 : 13 1/2,paper thin and translucent (x),,dark brown / ochre,,,,
400,52,a,dark blue-green,13 : 13 1/2,paper thin and translucent (x),,dark blue-green,,,,
401,53,a,medium crimson,13 : 13 1/2,paper thin and translucent (x),,medium crimson,,,,
402,54,a,ultra crimson,13 : 13 1/2,paper thin and translucent (x),,ultra crimson,,,,
403,55,a,crimson,13 : 13 1/2,paper thin and translucent (x),,crimson,,,,
404,56,a,brown-purple,13 : 13 1/2,paper thin and translucent (x),,brown-purple,,,,
405,57,a,olive green,13 : 13 1/2,paper thin and translucent (x),,olive green,,,,
406,58,a,grey turquoise,13 : 13 1/2,paper thin and translucent (x),,grey turquoise,,,,
407,59,a,dark orange-brown,13 : 13 1/2,paper thin and translucent (x),,dark orange-brown,,,,
408,60,a,brownish purple,13 : 13 1/2,paper thin and translucent (x),,brownish purple,,,,
409,61,a,deep dark blue,13 : 13 1/2,paper thin and translucent (x),,deep dark blue,,,,
410,62,a,dark crimson,13 : 13 1/2,paper thin and translucent (x),,dark crimson,,,,
411,50,a,dark green,13 : 12 1/2,paper thin and translucent (x),,dark green,,,,
412,51,a,dark brown / ochre,13 : 12 1/2,paper thin and translucent (x),,dark brown / ochre,,,,
413,52,a,dark blue-green,13 : 12 1/2,paper thin and translucent (x),,dark blue-green,,,,
414,53,a,medium crimson,13 : 12 1/2,paper thin and translucent (x),,medium crimson,,,,
415,54,a,ultra crimson,13 : 12 1/2,paper thin and translucent (x),,ultra crimson,,,,
416,55,a,crimson,13 : 12 1/2,paper thin and translucent (x),,crimson,,,,
417,56,a,brown-purple,13 : 12 1/2,paper thin and translucent (x),,brown-purple,,,,
418,57,a,olive green,13 : 12 1/2,paper thin and translucent (x),,olive green,,,,
419,58,a,grey turquoise,13 : 12 1/2,paper thin and translucent (x),,grey turquoise,,,,
420,59,a,dark orange-brown,13 : 12 1/2,paper thin and translucent (x),,dark orange-brown,,,,
421,60,a,brownish purple,13 : 12 1/2,paper thin and translucent (x),,brownish purple,,,,
422,61,a,deep dark blue,13 : 12 1/2,paper thin and translucent (x),,deep dark blue,,,,
423,62,a,dark crimson,13 : 12 1/2,paper thin and translucent (x),,dark crimson,,,,
424,50,a,dark green,10,paper thin and translucent (x),,dark green,,,,
425,51,a,dark brown / ochre,10,paper thin and translucent (x),,dark brown / ochre,,,,
426,52,a,dark blue-green,10,paper thin and translucent (x),,dark blue-green,,,,
427,53,a,medium crimson,10,paper thin and translucent (x),,medium crimson,,,,
428,54,a,ultra crimson,10,paper thin and translucent (x),,ultra crimson,,,,
429,55,a,crimson,10,paper thin and translucent (x),,crimson,,,,
430,56,a,brown-purple,10,paper thin and translucent (x),,brown-purple,,,,
431,57,a,olive green,10,paper thin and translucent (x),,olive green,,,,
432,58,a,grey turquoise,10,paper thin and translucent (x),,grey turquoise,,,,
433,59,a,dark orange-brown,10,paper thin and translucent (x),,dark orange-brown,,,,
434,60,a,brownish purple,10,paper thin and translucent (x),,brownish purple,,,,
435,61,a,deep dark blue,10,paper thin and translucent (x),,deep dark blue,,,,
436,62,a,dark crimson,10,paper thin and translucent (x),,dark crimson,,,,
437,50,a,dark green,11 1/2,greyish and soft paper (y),,dark green,,,,
438,51,a,dark brown / ochre,11 1/2,greyish and soft paper (y),,dark brown / ochre,,,,
439,52,a,dark blue-green,11 1/2,greyish and soft paper (y),,dark blue-green,,,,
440,53,a,medium crimson,11 1/2,greyish and soft paper (y),,medium crimson,,,,
441,54,a,ultra marin,11 1/2,greyish and soft paper (y),,ultra marin,,,,
442,55,a,crimson,11 1/2,greyish and soft paper (y),,crimson,,,,
443,56,a,brown-purple,11 1/2,greyish and soft paper (y),,brown-purple,,,,
444,57,a,olive green,11 1/2,greyish and soft paper (y),,olive green,,,,
445,58,a,grey turquoise,11 1/2,greyish and soft paper (y),,grey turquoise,,,,
446,59,a,dark orange-brown,11 1/2,greyish and soft paper (y),,dark orange-brown,,,,
447,60,a,brownish purple,11 1/2,greyish and soft paper (y),,brownish purple,,,,
448,61,a,deep dark blue,11 1/2,greyish and soft paper (y),,deep dark blue,,,,
449,62,a,dark crimson,11 1/2,greyish and soft paper (y),,dark crimson,,,,
450,50,a,dark green,9 1/4,greyish and soft paper (y),,dark green,,,,
451,51,a,dark brown / ochre,9 1/4,greyish and soft paper (y),,dark brown / ochre,,,,
452,52,a,dark blue-green,9 1/4,greyish and soft paper (y),,dark blue-green,,,,
453,53,a,medium crimson,9 1/4,greyish and soft paper (y),,medium crimson,,,,
454,54,a,ultra crimson,9 1/4,greyish and soft paper (y),,ultra crimson,,,,
455,55,a,crimson,9 1/4,greyish and soft paper (y),,crimson,,,,
456,56,a,brown-purple,9 1/4,greyish and soft paper (y),,brown-purple,,,,
457,57,a,olive green,9 1/4,greyish and soft paper (y),,olive green,,,,
458,58,a,grey turquoise,9 1/4,greyish and soft paper (y),,grey turquoise,,,,
459,59,a,dark orange-brown,9 1/4,greyish and soft paper (y),,dark orange-brown,,,,
460,60,a,brownish purple,9 1/4,greyish and soft paper (y),,brownish purple,,,,
461,61,a,deep dark blue,9 1/4,greyish and soft paper (y),,deep dark blue,,,,
462,62,a,dark crimson,9 1/4,greyish and soft paper (y),,dark crimson,,,,
463,50,a,dark green,13 : 13 1/2,greyish and soft paper (y),,dark green,,,,
464,51,a,dark brown / ochre,13 : 13 1/2,greyish and soft paper (y),,dark brown / ochre,,,,
465,52,a,dark blue-green,13 : 13 1/2,greyish and soft paper (y),,dark blue-green,,,,
466,53,a,medium crimson,13 : 13 1/2,greyish and soft paper (y),,medium crimson,,,,
467,54,a,ultra crimson,13 : 13 1/2,greyish and soft paper (y),,ultra crimson,,,,
468,55,a,crimson,13 : 13 1/2,greyish and soft paper (y),,crimson,,,,
469,56,a,brown-purple,13 : 13 1/2,greyish and soft paper (y),,brown-purple,,,,
470,57,a,olive green,13 : 13 1/2,greyish and soft paper (y),,olive green,,,,
471,58,a,grey turquoise,13 : 13 1/2,greyish and soft paper (y),,grey turquoise,,,,
472,59,a,dark orange-brown,13 : 13 1/2,greyish and soft paper (y),,dark orange-brown,,,,
473,60,a,brownish purple,13 : 13 1/2,greyish and soft paper (y),,brownish purple,,,,
474,61,a,deep dark blue,13 : 13 1/2,greyish and soft paper (y),,deep dark blue,,,,
475,62,a,dark crimson,13 : 13 1/2,greyish and soft paper (y),,dark crimson,,,,
476,50,a,dark green,13 : 12 1/2,greyish and soft paper (y),,dark green,,,,
477,51,a,dark brown / ochre,13 : 12 1/2,greyish and soft paper (y),,dark brown / ochre,,,,
478,52,a,dark blue-green,13 : 12 1/2,greyish and soft paper (y),,dark blue-green,,,,
479,53,a,medium crimson,13 : 12 1/2,greyish and soft paper (y),,medium crimson,,,,
480,54,a,ultra crimson,13 : 12 1/2,greyish and soft paper (y),,ultra crimson,,,,
481,55,a,crimson,13 : 12 1/2,greyish and soft paper (y),,crimson,,,,
482,56,a,brown-purple,13 : 12 1/2,greyish and soft paper (y),,brown-purple,,,,
483,57,a,olive green,13 : 12 1/2,greyish and soft paper (y),,olive green,,,,
484,58,a,grey turquoise,13 : 12 1/2,greyish and soft paper (y),,grey turquoise,,,,
485,59,a,dark orange-brown,13 : 12 1/2,greyish and soft paper (y),,dark orange-brown,,,,
486,60,a,brownish purple,13 : 12 1/2,greyish and soft paper (y),,brownish purple,,,,
487,61,a,deep dark blue,13 : 12 1/2,greyish and soft paper (y),,deep dark blue,,,,
488,62,a,dark crimson,13 : 12 1/2,greyish and soft paper (y),,dark crimson,,,,
489,50,a,dark green,10,greyish and soft paper (y),,dark green,,,,
490,51,a,dark brown / ochre,10,greyish and soft paper (y),,dark brown / ochre,,,,
491,52,a,dark blue-green,10,greyish and soft paper (y),,dark blue-green,,,,
492,53,a,medium crimson,10,greyish and soft paper (y),,medium crimson,,,,
493,54,a,ultra crimson,10,greyish and soft paper (y),,ultra crimson,,,,
494,55,a,crimson,10,greyish and soft paper (y),,crimson,,,,
495,56,a,brown-purple,10,greyish and soft paper (y),,brown-purple,,,,
496,57,a,olive green,10,greyish and soft paper (y),,olive green,,,,
497,58,a,grey turquoise,10,greyish and soft paper (y),,grey turquoise,,,,
498,59,a,dark orange-brown,10,greyish and soft paper (y),,dark orange-brown,,,,
499,60,a,brownish purple,10,greyish and soft paper (y),,brownish purple,,,,
500,61,a,deep dark blue,10,greyish and soft paper (y),,deep dark blue,,,,
501,62,a,dark crimson,10,greyish and soft paper (y),,dark crimson,,,,
502,50,a,dark green,11 1/2,white and smooth paper (z),,dark green,,,,
503,51,a,dark brown / ochre,11 1/2,white and smooth paper (z),,dark brown / ochre,,,,
504,52,a,dark blue-green,11 1/2,white and smooth paper (z),,dark blue-green,,,,
505,53,a,medium crimson,11 1/2,white and smooth paper (z),,medium crimson,,,,
506,54,a,ultra marin,11 1/2,white and smooth paper (z),,ultra marin,,,,
507,55,a,crimson,11 1/2,white and smooth paper (z),,crimson,,,,
508,56,a,brown-purple,11 1/2,white and smooth paper (z),,brown-purple,,,,
509,57,a,olive green,11 1/2,white and smooth paper (z),,olive green,,,,
510,58,a,grey turquoise,11 1/2,white and smooth paper (z),,grey turquoise,,,,
511,59,a,dark orange-brown,11 1/2,white and smooth paper (z),,dark orange-brown,,,,
512,60,a,brownish purple,11 1/2,white and smooth paper (z),,brownish purple,,,,
513,61,a,deep dark blue,11 1/2,white and smooth paper (z),,deep dark blue,,,,
514,62,a,dark crimson,11 1/2,white and smooth paper (z),,dark crimson,,,,
515,50,a,dark green,9 1/4,white and smooth paper (z),,dark green,,,,
516,51,a,dark brown / ochre,9 1/4,white and smooth paper (z),,dark brown / ochre,,,,
517,52,a,dark blue-green,9 1/4,white and smooth paper (z),,dark blue-green,,,,
518,53,a,medium crimson,9 1/4,white and smooth paper (z),,medium crimson,,,,
519,54,a,ultra crimson,9 1/4,white and smooth paper (z),,ultra crimson,,,,
520,55,a,crimson,9 1/4,white and smooth paper (z),,crimson,,,,
521,56,a,brown-purple,9 1/4,white and smooth paper (z),,brown-purple,,,,
522,57,a,olive green,9 1/4,white and smooth paper (z),,olive green,,,,
523,58,a,grey turquoise,9 1/4,white and smooth paper (z),,grey turquoise,,,,
524,59,a,dark orange-brown,9 1/4,white and smooth paper (z),,dark orange-brown,,,,
525,60,a,brownish purple,9 1/4,white and smooth paper (z),,brownish purple,,,,
526,61,a,deep dark blue,9 1/4,white and smooth paper (z),,deep dark blue,,,,
527,62,a,dark crimson,9 1/4,white and smooth paper (z),,dark crimson,,,,
528,50,a,dark green,13 : 13 1/2,white and smooth paper (z),,dark green,,,,
529,51,a,dark brown / ochre,13 : 13 1/2,white and smooth paper (z),,dark brown / ochre,,,,
530,52,a,dark blue-green,13 : 13 1/2,white and smooth paper (z),,dark blue-green,,,,
531,53,a,medium crimson,13 : 13 1/2,white and smooth paper (z),,medium crimson,,,,
532,54,a,ultra crimson,13 : 13 1/2,white and smooth paper (z),,ultra crimson,,,,
533,55,a,crimson,13 : 13 1/2,white and smooth paper (z),,crimson,,,,
534,56,a,brown-purple,13 : 13 1/2,white and smooth paper (z),,brown-purple,,,,
535,57,a,olive green,13 : 13 1/2,white and smooth paper (z),,olive green,,,,
536,58,a,grey turquoise,13 : 13 1/2,white and smooth paper (z),,grey turquoise,,,,
537,59,a,dark orange-brown,13 : 13 1/2,white and smooth paper (z),,dark orange-brown,,,,
538,60,a,brownish purple,13 : 13 1/2,white and smooth paper (z),,brownish purple,,,,
539,61,a,deep dark blue,13 : 13 1/2,white and smooth paper (z),,deep dark blue,,,,
540,62,a,dark crimson,13 : 13 1/2,white and smooth paper (z),,dark crimson,,,,
541,50,a,dark green,13 : 12 1/2,white and smooth paper (z),,dark green,,,,
542,51,a,dark brown / ochre,13 : 12 1/2,white and smooth paper (z),,dark brown / ochre,,,,
543,52,a,dark blue-green,13 : 12 1/2,white and smooth paper (z),,dark blue-green,,,,
544,53,a,medium crimson,13 : 12 1/2,white and smooth paper (z),,medium crimson,,,,
545,54,a,ultra crimson,13 : 12 1/2,white and smooth paper (z),,ultra crimson,,,,
546,55,a,crimson,13 : 12 1/2,white and smooth paper (z),,crimson,,,,
547,56,a,brown-purple,13 : 12 1/2,white and smooth paper (z),,brown-purple,,,,
548,57,a,olive green,13 : 12 1/2,white and smooth paper (z),,olive green,,,,
549,58,a,grey turquoise,13 : 12 1/2,white and smooth paper (z),,grey turquoise,,,,
550,59,a,dark orange-brown,13 : 12 1/2,white and smooth paper (z),,dark orange-brown,,,,
551,60,a,brownish purple,13 : 12 1/2,white and smooth paper (z),,brownish purple,,,,
552,61,a,deep dark blue,13 : 12 1/2,white and smooth paper (z),,deep dark blue,,,,
553,62,a,dark crimson,13 : 12 1/2,white and smooth paper (z),,dark crimson,,,,
554,50,a,dark green,10,white and smooth paper (z),,dark green,,,,
555,51,a,dark brown / ochre,10,white and smooth paper (z),,dark brown / ochre,,,,
556,52,a,dark blue-green,10,white and smooth paper (z),,dark blue-green,,,,
557,53,a,medium crimson,10,white and smooth paper (z),,medium crimson,,,,
558,54,a,ultra crimson,10,white and smooth paper (z),,ultra crimson,,,,
559,55,a,crimson,10,white and smooth paper (z),,crimson,,,,
560,56,a,brown-purple,10,white and smooth paper (z),,brown-purple,,,,
561,57,a,olive green,10,white and smooth paper (z),,olive green,,,,
562,58,a,grey turquoise,10,white and smooth paper (z),,grey turquoise,,,,
563,59,a,dark orange-brown,10,white and smooth paper (z),,dark orange-brown,,,,
564,60,a,brownish purple,10,white and smooth paper (z),,brownish purple,,,,
565,61,a,deep dark blue,10,white and smooth paper (z),,deep dark blue,,,,
566,62,a,dark crimson,10,white and smooth paper (z),,dark crimson,,,,
567,63,a,green-left,12 1/2,paper thin and translucent (x),,green-left,,,,
568,64,a,medium grey-blue,12 1/2,paper thin and translucent (x),,medium grey-blue,,,,
569,65,a,matt sienna,12 1/2,paper thin and translucent (x),,matt sienna,,,,
570,66,a,grey-brown,12 1/2,paper thin and translucent (x),,grey-brown,,,,
571,63,a,greenish olive,10,paper thin and translucent (x),,greenish olive,,,,
572,64,a,medium grey-blue,10,paper thin and translucent (x),,medium grey-blue,,,,
573,65,a,matt sienna,10,paper thin and translucent (x),,matt sienna,,,,
574,66,a,greyish brown,10,paper thin and translucent (x),,greyish brown,,,,
575,63,a,greenish olive,10 1/2,paper thin and translucent (x),,greenish olive,,,,
576,64,a,medium grey-blue,10 1/2,paper thin and translucent (x),,medium grey-blue,,,,
577,65,a,matt sienna,10 1/2,paper thin and translucent (x),,matt sienna,,,,
578,66,a,greyish brown,10 1/2,paper thin and translucent (x),,greyish brown,,,,
579,63,a,greenish olive,11 1/2,paper thin and translucent (x),,greenish olive,,,,
580,64,a,medium grey-blue,11 1/2,paper thin and translucent (x),,medium grey-blue,,,,
581,65,a,matt sienna,11 1/2,paper thin and translucent (x),,matt sienna,,,,
582,66,a,greyish brown,11 1/2,paper thin and translucent (x),,greyish brown,,,,
583,63,a,greenish olive,11,paper thin and translucent (x),,greenish olive,,,,
584,64,a,medium grey-blue,11,paper thin and translucent (x),,medium grey-blue,,,,
585,65,a,matt sienna,11,paper thin and translucent (x),,matt sienna,,,,
586,66,a,greyish brown,11,paper thin and translucent (x),,greyish brown,,,,
587,63,a,greenish olive,13 1/2,paper thin and translucent (x),,greenish olive,,,,
588,64,a,medium grey-blue,13 1/2,paper thin and translucent (x),,medium grey-blue,,,,
589,65,a,matt sienna,13 1/2,paper thin and translucent (x),,matt sienna,,,,
590,66,a,greyish brown,13 1/2,paper thin and translucent (x),,greyish brown,,,,
591,63,a,greenish olive,12 1/2,greyish and soft paper (y),,greenish olive,,,,
592,64,a,medium grey-blue,12 1/2,greyish and soft paper (y),,medium grey-blue,,,,
593,65,a,matt sienna,12 1/2,greyish and soft paper (y),,matt sienna,,,,
594,66,a,greyish brown,12 1/2,greyish and soft paper (y),,greyish brown,,,,
595,63,a,greenish olive,10,greyish and soft paper (y),,greenish olive,,,,
596,64,a,medium grey-blue,10,greyish and soft paper (y),,medium grey-blue,,,,
597,65,a,matt sienna,10,greyish and soft paper (y),,matt sienna,,,,
598,66,a,greyish brown,10,greyish and soft paper (y),,greyish brown,,,,
599,63,a,greenish olive,10 1/2,greyish and soft paper (y),,greenish olive,,,,
600,64,a,medium grey-blue,10 1/2,greyish and soft paper (y),,medium grey-blue,,,,
601,65,a,matt sienna,10 1/2,greyish and soft paper (y),,matt sienna,,,,
602,66,a,greyish brown,10 1/2,greyish and soft paper (y),,greyish brown,,,,
603,63,a,greenish olive,11 1/2,greyish and soft paper (y),,greenish olive,,,,
604,64,a,medium grey-blue,11 1/2,greyish and soft paper (y),,medium grey-blue,,,,
605,65,a,matt sienna,11 1/2,greyish and soft paper (y),,matt sienna,,,,
606,66,a,greyish brown,11 1/2,greyish and soft paper (y),,greyish brown,,,,
607,63,a,greenish olive,11,greyish and soft paper (y),,greenish olive,,,,
608,64,a,medium grey-blue,11,greyish and soft paper (y),,medium grey-blue,,,,
609,65,a,matt sienna,11,greyish and soft paper (y),,matt sienna,,,,
610,66,a,greyish brown,11,greyish and soft paper (y),,greyish brown,,,,
611,63,a,greenish olive,13 1/2,greyish and soft paper (y),,greenish olive,,,,
612,64,a,medium grey-blue,13 1/2,greyish and soft paper (y),,medium grey-blue,,,,
613,65,a,matt sienna,13 1/2,greyish and soft paper (y),,matt sienna,,,,
614,66,a,greyish brown,13 1/2,greyish and soft paper (y),,greyish brown,,,,
615,63,a,greenish olive,12 1/2,white and smooth paper (z),,greenish olive,,,,
616,64,a,medium grey-blue,12 1/2,white and smooth paper (z),,medium grey-blue,,,,
617,65,a,matt sienna,12 1/2,white and smooth paper (z),,matt sienna,,,,
618,66,a,greyish brown,12 1/2,white and smooth paper (z),,greyish brown,,,,
619,63,a,greenish olive,10,white and smooth paper (z),,greenish olive,,,,
620,64,a,medium grey-blue,10,white and smooth paper (z),,medium grey-blue,,,,
621,65,a,matt sienna,10,white and smooth paper (z),,matt sienna,,,,
622,66,a,greyish brown,10,white and smooth paper (z),,greyish brown,,,,
623,63,a,greenish olive,10 1/2,white and smooth paper (z),,greenish olive,,,,
624,64,a,medium grey-blue,10 1/2,white and smooth paper (z),,medium grey-blue,,,,
625,65,a,matt sienna,10 1/2,white and smooth paper (z),,matt sienna,,,,
626,66,a,greyish brown,10 1/2,white and smooth paper (z),,greyish brown,,,,
627,63,a,greenish olive,11 1/2,white and smooth paper (z),,greenish olive,,,,
628,64,a,medium grey-blue,11 1/2,white and smooth paper (z),,medium grey-blue,,,,
629,65,a,matt sienna,11 1/2,white and smooth paper (z),,matt sienna,,,,
630,66,a,greyish brown,11 1/2,white and smooth paper (z),,greyish brown,,,,
631,63,a,greenish olive,11,white and smooth paper (z),,greenish olive,,,,
632,64,a,medium grey-blue,11,white and smooth paper (z),,medium grey-blue,,,,
633,65,a,matt sienna,11,white and smooth paper (z),,matt sienna,,,,
634,66,a,greyish brown,11,white and smooth paper (z),,greyish brown,,,,
635,63,a,greenish olive,13 1/2,white and smooth paper (z),,greenish olive,,,,
636,64,a,medium grey-blue,13 1/2,white and smooth paper (z),,medium grey-blue,,,,
637,65,a,matt sienna,13 1/2,white and smooth paper (z),,matt sienna,,,,
638,66,a,greyish brown,13 1/2,white and smooth paper (z),,greyish brown,,,,
639,67,a,dark purple-grey,12 1/2,paper thin and translucent (x),,dark purple-grey,,,,
640,68,a,green,12 1/2,paper thin and translucent (x),,green,,,,
641,67,a,dark purple-grey,10,paper thin and translucent (x),,dark purple-grey,,,,
642,68,a,green,10,paper thin and translucent (x),,green,,,,
643,67,a,dark purple-grey,10 1/2,paper thin and translucent (x),,dark purple-grey,,,,
644,68,a,green,10 1/2,paper thin and translucent (x),,green,,,,
645,67,a,dark purple-grey,11,paper thin and translucent (x),,dark purple-grey,,,,
646,68,a,green,11,paper thin and translucent (x),,green,,,,
647,67,a,dark purple-grey,11 1/2,paper thin and translucent (x),,dark purple-grey,,,,
648,68,a,green,11 1/2,paper thin and translucent (x),,green,,,,
649,67,a,dark purple-grey,13 1/2,paper thin and translucent (x),,dark purple-grey,,,,
650,68,a,green,13 1/2,paper thin and translucent (x),,green,,,,
651,67,a,dark purple-grey,12 1/2,greyish and soft paper (y),,dark purple-grey,,,,
652,68,a,green,12 1/2,greyish and soft paper (y),,green,,,,
653,67,a,dark purple-grey,10,greyish and soft paper (y),,dark purple-grey,,,,
654,68,a,green,10,greyish and soft paper (y),,green,,,,
655,67,a,dark purple-grey,10 1/2,greyish and soft paper (y),,dark purple-grey,,,,
656,68,a,green,10 1/2,greyish and soft paper (y),,green,,,,
657,67,a,dark purple-grey,11,greyish and soft paper (y),,dark purple-grey,,,,
658,68,a,green,11,greyish and soft paper (y),,green,,,,
659,67,a,dark purple-grey,11 1/2,greyish and soft paper (y),,dark purple-grey,,,,
660,68,a,green,11 1/2,greyish and soft paper (y),,green,,,,
661,67,a,dark purple-grey,13 1/2,greyish and soft paper (y),,dark purple-grey,,,,
662,68,a,green,13 1/2,greyish and soft paper (y),,green,,,,
663,67,a,dark purple-grey,12 1/2,white and smooth paper (z),,dark purple-grey,,,,
664,68,a,green,12 1/2,white and smooth paper (z),,green,,,,
665,67,a,dark purple-grey,10,white and smooth paper (z),,dark purple-grey,,,,
666,68,a,green,10,white and smooth paper (z),,green,,,,
667,67,a,dark purple-grey,10 1/2,white and smooth paper (z),,dark purple-grey,,,,
668,68,a,green,10 1/2,white and smooth paper (z),,green,,,,
669,67,a,dark purple-grey,11,white and smooth paper (z),,dark purple-grey,,,,
670,68,a,green,11,white and smooth paper (z),,green,,,,
671,67,a,dark purple-grey,11 1/2,white and smooth paper (z),,dark purple-grey,,,,
672,68,a,green,11 1/2,white and smooth paper (z),,green,,,,
673,67,a,dark purple-grey,13 1/2,white and smooth paper (z),,dark purple-grey,,,,
674,68,a,green,13 1/2,white and smooth paper (z),,green,,,,